Order_Number,County,Item_Number,Promoted_Sale,Quantity,Price,Date,Service,Month,Item
16-04268-98063,London,264470156666,No,3,54.00,11/12/19,Royal Mail 2nd Class,December,Neo G 456
21-04268-41130,East Dunbartonshire,264465235925,No,1,4.99,10/12/19,Royal Mail 2nd Class,December,Optrex Dull Eyes 10ml
06-04267-25351,Clackmannan,264204441497,No,1,14.00,10/12/19,Royal Mail 2nd Class,December,Clearblue Digital Ovulation
10-04265-48996,London,264390771913,No,1,8.00,10/12/19,Royal Mail Tracked 24,December,Stanley STF20910-XJ
13-04261-64114,Merseyside,263684287080,No,1,1.99,09/12/19,Royal Mail 2nd Class,December,"Harris Smoothglide 1"""
01-04260-09547,Buckinghamshire,264404306326,No,1,25.00,09/12/19,Royal Mail 2nd Class,December,Neo G 893
15-04254-86166,Merseyside,264431862376,No,1,15.00,08/12/19,Royal Mail 2nd Class,December,Tweezerman 1256-RGGRB
18-04251-11128,Essex,263718390114,No,1,6.95,07/12/19,Royal Mail 2nd Class,December,Unibond No More Nails
02-04251-26839,West Midlands,264404675133,No,3,30.00,07/12/19,Royal Mail 2nd Class,December,Clearblue Pregnancy Test
03-04248-88332,Tyne and Wear,264393632022,No,1,25.00,07/12/19,Royal Mail 2nd Class,December,Neo G 453
14-04242-77248,East Riding of Yorkshire,264450071732,No,1,16.00,05/12/19,Royal Mail 2nd Class,December,Neo G 396
03-04243-52914,West Yorkshire,264473469373,No,1,6.00,05/12/19,Royal Mail 2nd Class,December,Compeed 55709992
21-04238-62470,London,264393632022,No,1,25.00,05/12/19,Royal Mail 2nd Class,December,Neo G 453
24-04244-03716,Kent,264465239459,No,1,15.00,04/12/19,Royal Mail 2nd Class,December,Tweezerman 1230-CR
14-04237-05308,Cheshire,264450071732,No,1,16.00,04/12/19,Royal Mail 2nd Class,December,Neo G 396
07-04236-39467,London,263718086584,No,1,5.99,04/12/19,Royal Mail 2nd Class,December,Unibond No More Nails
22-04234-79792,Cambridgeshire,264393632022,No,1,25.00,04/12/19,Royal Mail 2nd Class,December,Neo G 453
04-04235-84670,London,264465196093,No,1,12.00,04/12/19,Royal Mail 2nd Class,December,Gillette Mach3 Turbo XL
19-04231-73357,North Lanarkshire,264265287273,No,1,4.99,03/12/19,Royal Mail 2nd Class,December,Scholl Party Feet Ball of Foot
21-04227-77968,Norfolk,264470181391,No,1,0.00,03/12/19,Royal Mail 2nd Class,December,Neo G 456
10-04222-61212,Cheshire,264470156666,No,1,18.00,02/12/19,Royal Mail 2nd Class,December,Neo G 456
17-04216-52523,Bedfordshire,264393632022,No,1,25.00,01/12/19,Royal Mail 2nd Class,December,Neo G 453
08-04214-39394,Offaly,264404576069,No,1,31.00,30/11/19,Royal Mail International Tracked,November,JML Mineral Magic V13171
14-04213-86240,East Yorkshire,264450071732,No,1,16.00,30/11/19,Royal Mail 2nd Class,November,Neo G 396
25-04212-64144,Warwickshire,264465176463,No,1,15.00,30/11/19,Royal Mail 2nd Class,November,Gillette Fusion 5 Proshield
04-04210-73245,Stirlingshire,264450071732,No,1,16.00,29/11/19,Royal Mail 2nd Class,November,Neo G 396
27-04197-42278,North Yorkshire,264393695399,No,1,13.00,27/11/19,Royal Mail 2nd Class,November,Neo G 722
07-04183-18764,Buckinghamshire,264393705626,No,1,17.00,24/11/19,Royal Mail 2nd Class,November,Neo G 885
23-04182-06418,Aberdeen City,264393705626,No,1,17.00,24/11/19,Royal Mail 2nd Class,November,Neo G 885
04-04179-00341,Gwynedd,264380796496,No,1,13.00,23/11/19,Royal Mail Tracked 24,November,"Yale Telescopic Letter Plate 12"" White"
25-04177-10337,North Yorkshire,264393695399,No,1,13.00,23/11/19,Royal Mail 2nd Class,November,Neo G 722
20-04175-11142,Middlesex,264204441497,No,1,14.00,22/11/19,Royal Mail 2nd Class,November,Clearblue Digital Ovulation LH
05-04172-16615,Greater Manchester,264393705626,No,1,17.00,21/11/19,Royal Mail 2nd Class,November,Neo G 885
05-04172-11951,Staffordshire,264376292335,No,1,22.00,21/11/19,Royal Mail Tracked 24,November,Clearblue Ovulation Test Digital
26-04168-18817,Oxfordshire,264450071732,No,1,16.00,21/11/19,Royal Mail 2nd Class,November,Neo G 396
08-04164-85042,Staffordshire,264393705626,No,1,17.00,20/11/19,Royal Mail 2nd Class,November,Neo G 885
12-04163-72455,Cornwall,264393705626,No,1,17.00,20/11/19,Royal Mail 2nd Class,November,Neo G 885
05-04162-53000,Cornwall,264470156666,No,1,18.00,19/11/19,Royal Mail 2nd Class,November,Neo G 456
27-04159-50944,West Midlands,263684287080,No,1,1.99,19/11/19,Royal Mail 2nd Class,November,"Harris Smoothglide 1"""
21-04160-20926,London,264393705626,No,2,34.00,19/11/19,Royal Mail 2nd Class,November,Neo G 885
07-04159-89035,Cumbria,264473469373,Yes,1,6.00,19/11/19,Royal Mail 2nd Class,November,Compeed 55709992
13-04159-36429,South Yorkshire,264454551247,No,1,20.00,19/11/19,Royal Mail 2nd Class,November,Neo G 396
22-04157-22725,London,264380727117,No,1,7.00,19/11/19,Royal Mail Tracked 24,November,Energizer Accu Recharge AA 2000mAh
19-04156-62779,Essex,264465239459,No,1,15.00,18/11/19,Royal Mail 2nd Class,November,Tweezerman 1230-CR
04-04155-45529,Lincolnshire,264393807152,No,1,16.00,18/11/19,Royal Mail 2nd Class,November,JML Finishing Touch FTFLPB
18-04154-41495,Berkshire,264473469373,No,4,20.00,18/11/19,Royal Mail 2nd Class,November,Compeed 55709992
08-04154-57577,Wiltshire,264393632022,No,2,50.00,18/11/19,Royal Mail 2nd Class,November,Neo G 453
27-04153-03095,East Ayrshire,264473469373,No,1,5.00,18/11/19,Royal Mail 2nd Class,November,Compeed 55709992
14-04151-96619,North Yorkshire,264473469373,No,1,5.00,17/11/19,Royal Mail 2nd Class,November,Compeed 55709992
05-04152-74428,Antrim,264393807152,No,1,16.00,17/11/19,Royal Mail 2nd Class,November,JML Finishing Touch FTFLPB
20-04150-87336,London,264465246190,No,1,15.00,17/11/19,Royal Mail 2nd Class,November,Tweezerman 1230-CR
07-04146-65161,East Dunbartonshire,264465246190,No,1,15.00,16/11/19,Royal Mail 2nd Class,November,Tweezerman 1230-CR
07-04145-96892,Angus,264393807152,No,1,0.00,16/11/19,Royal Mail 2nd Class,November,JML Finishing Touch FTFLPB
03-04145-89441,Down,264465235925,No,1,4.99,16/11/19,Royal Mail 2nd Class,November,Optrex for Dull Eyes 10ml
19-04142-85965,South Yorkshire,264393807152,No,1,16.00,15/11/19,Royal Mail 2nd Class,November,JML Finishing Touch FTFLPB
04-04142-41108,Staffordshire,264393807152,No,1,16.00,15/11/19,Royal Mail 2nd Class,November,JML Finishing Touch FTFLPB
05-04141-95098,South Yorkshire,264473469373,Yes,1,5.00,15/11/19,Royal Mail 2nd Class,November,Compeed 55709992
23-04139-69419,Perthshire and Kinross,264393807152,No,1,16.00,15/11/19,Royal Mail 2nd Class,November,JML Finishing Touch FTFLPB
01-04139-11841,South Lanarkshire,264393807152,No,1,16.00,14/11/19,Royal Mail 2nd Class,November,JML Finishing Touch FTFLPB
05-04138-08285,Cambridgeshire,264393807152,No,1,16.00,14/11/19,Royal Mail 2nd Class,November,JML Finishing Touch FTFLPB
12-04136-86818,Shropshire,264393807152,No,1,16.00,14/11/19,Royal Mail 2nd Class,November,JML Finishing Touch FTFLPB
20-04133-97470,Surrey,264465246190,No,1,15.00,13/11/19,Royal Mail 2nd Class,November,Tweezerman 1230-CR
04-04134-60195,South Yorkshire,264393807152,No,1,16.00,13/11/19,Royal Mail 2nd Class,November,JML Finishing Touch FTFLPB
23-04132-77329,East Sussex,264393807152,No,1,16.00,13/11/19,Royal Mail 2nd Class,November,JML Finishing Touch FTFLPB
26-04132-73813,Hertfordshire,264236738048,No,1,99.99,13/11/19,Royal Mail 2nd Class,November,Sennheiser ClipMic Digital Clip-on
20-04132-42256,Essex,264423388528,No,1,23.00,13/11/19,Royal Mail 2nd Class,November,JML Flawless Rechargeable FTFLDLXL
05-04133-64395,Bristol,264393807152,No,1,16.00,13/11/19,Royal Mail 2nd Class,November,JML Finishing Touch FTFLPB
20-04131-37475,Cleveland,264423388528,No,1,23.00,13/11/19,Royal Mail 2nd Class,November,JML Flawless Rechargeable FTFLDLXL
23-04130-98157,Shropshire,264393807152,No,1,16.00,13/11/19,Royal Mail 2nd Class,November,JML Finishing Touch FTFLPB
05-04132-42254,North Lanarkshire,264423396047,No,1,17.00,13/11/19,Royal Mail 2nd Class,November,JML Flawless Facial FTFLESS
04-04129-95495,Greater Manchester,264204441497,No,1,14.00,12/11/19,Royal Mail 2nd Class,November,Clearblue Digital Ovulation
13-04124-25228,East Sussex,264473469373,Yes,1,5.00,11/11/19,Royal Mail 2nd Class,November,Compeed 55709992
04-04124-50442,Hertfordshire,264393807152,No,1,16.00,11/11/19,Royal Mail 2nd Class,November,JML Finishing Touch FTFLPB
04-04124-09206,East Ayrshire,264473428034,No,1,12.00,11/11/19,Royal Mail 2nd Class,November,BG USB Socket 13A Black Nickel
19-04121-86932,Isle of Wight,264450046524,No,1,17.00,11/11/19,Royal Mail 2nd Class,November,Gillete Styler 3 in 1 Trim
18-04121-69047,Dumfries and Galloway,264423396047,No,1,17.00,11/11/19,Royal Mail 2nd Class,November,JML Flawless Facial FTFLESS
11-04120-13595,Lancashire,264473469373,No,2,10.00,10/11/19,Royal Mail 2nd Class,November,Compeed 55709992
25-04115-36852,North Lanarkshire,264465290677,No,1,17.00,10/11/19,Royal Mail 2nd Class,November,JML Nicer Dicer A000704
26-04111-07729,Isle of Wight,264204441497,No,1,14.00,09/11/19,Royal Mail 2nd Class,November,Clearblue Digital Ovulation
20-04107-23169,Kent,264468821396,No,1,17.00,08/11/19,Royal Mail 2nd Class,November,JML Flawless Facial FTFLESS
07-04106-04686,Buckinghamshire,264465232014,No,1,4.99,07/11/19,Royal Mail 2nd Class,November,Optrex for Itchy Eyes
10-04105-57805,West Yorkshire,264423388528,No,1,23.00,07/11/19,Royal Mail 2nd Class,November,JML Flawless Rechargeable FTFLDLXL
10-04096-96836,East Dunbartonshire,264473469373,No,1,5.00,05/11/19,Royal Mail 2nd Class,November,Compeed 55709992
09-04095-32809,Durham,264473428034,No,1,12.00,05/11/19,Royal Mail 2nd Class,November,BG USB Socket 13A Black Nickel
24-04100-96766,London,264454605149,No,1,23.00,05/11/19,Royal Mail 2nd Class,November,Gillette Fusion5 ProGlide with 10 Blades
07-04093-20391,Tyne and Wear,264393807152,No,1,16.00,04/11/19,Royal Mail 2nd Class,November,JML Finishing Touch FTFLPB
10-04091-22094,Surrey,264473469373,No,1,5.00,04/11/19,Royal Mail 2nd Class,November,Compeed 55709992
22-04087-54642,West Sussex,264465226268,No,1,4.00,03/11/19,Royal Mail 2nd Class,November,Tar-Ban Smoke Free Cigarette
01-04088-83232,Bedfordshire,264204441497,No,1,14.00,03/11/19,Royal Mail 2nd Class,November,Clearblue Digital Ovulation
09-04087-67789,Greater Manchester,264393705626,No,1,17.00,03/11/19,Royal Mail 2nd Class,November,Neo G 885
11-04087-53588,Lancashire,264454638314,No,1,4.99,03/11/19,Royal Mail 2nd Class,November,Scholl Athlete's Foot
12-04087-09500,Gloucestershire,264204441497,No,1,14.00,03/11/19,Royal Mail 2nd Class,November,Clearblue Digital Ovulation
18-04086-28302,Cornwall,264423396047,No,1,17.00,03/11/19,Royal Mail 2nd Class,November,JML Flawless Facial FTFLESS
26-04085-76625,Tyne and Wear,264468821396,No,1,17.00,03/11/19,Royal Mail 2nd Class,November,JML Flawless Facial FTFLESS
03-04081-38024,West Midlands,264473451856,No,1,5.00,02/11/19,Royal Mail 2nd Class,November,Compeed 55708812
08-04079-03895,Buckinghamshire,264431873051,No,1,22.00,01/11/19,Royal Mail 2nd Class,November,Neo G 474
27-04074-21029,Leicestershire,264393705626,No,1,17.00,31/10/19,Royal Mail 2nd Class,October,Neo G 885
16-04072-22588,Somerset,264236738048,Yes,1,99.99,31/10/19,Royal Mail 2nd Class,October,Sennheiser ClipMic Digital Clip-on
24-04074-80677,Tyne & Wear,264376292335,No,1,20.00,30/10/19,Royal Mail Tracked 24,October,Clearblue Ovulation Test Digital
22-04067-68329,London,264393807152,No,1,16.00,30/10/19,Royal Mail 2nd Class,October,JML Finishing Touch FTFLPB
27-04066-84861,Conwy,264376292335,No,1,20.00,30/10/19,Royal Mail Tracked 24,October,Clearblue Ovulation Test Digital
25-04063-96639,Cambridgeshire,264376292335,No,1,20.00,29/10/19,Royal Mail Tracked 24,October,Clearblue Ovulation Test Digital
11-04058-80780,Kent,264465235925,No,1,4.99,28/10/19,Royal Mail 2nd Class,October,Optrex for Dull Eyes
08-04057-72517,Cambridgeshire,264393632022,No,1,25.00,27/10/19,Royal Mail 2nd Class,October,Neo G 453
04-04057-01571,North Yorkshire,264393807152,No,1,16.00,27/10/19,Royal Mail 2nd Class,October,JML Finishing Touch FTFLPB
15-04056-03896,Gloucestershire,264465232014,No,1,4.99,27/10/19,Royal Mail 2nd Class,October,Optrex for Itchy Eyes
07-04056-52981,Surrey,264393705626,No,2,34.00,27/10/19,Royal Mail 2nd Class,October,Neo G 885
18-04055-44144,Gloucestershire,264473469373,Yes,1,5.00,27/10/19,Royal Mail 2nd Class,October,Compeed 55709992
27-04053-33283,East Dunbartonshire,264423396047,No,1,17.00,27/10/19,Royal Mail 2nd Class,October,JML Flawless Facial Hair FTFLESS
25-04051-32938,Manchester,264470181391,No,1,20.00,26/10/19,Royal Mail 2nd Class,October,Neo G 456
20-04051-55202,Kent,264109028195,Yes,1,11.00,26/10/19,Royal Mail 2nd Class,October,Scholl Fungal Nail Complete Treatment Kit
15-04051-19793,Bedfordshire,264393632022,No,1,25.00,26/10/19,Royal Mail 2nd Class,October,Neo G 453
07-04046-29450,Fife,264473451856,No,1,5.00,25/10/19,Royal Mail 2nd Class,October,Neo G 885
06-04046-34847,Greater Manchester,264393807152,No,1,16.00,25/10/19,Royal Mail 2nd Class,October,Compeed 55708812
06-04044-82164,Hampshire,264204441497,No,1,12.00,24/10/19,Royal Mail 2nd Class,October,JML Finishing Touch FTFLPB
20-04043-58781,East Sussex,264473451856,No,1,5.00,24/10/19,Royal Mail 2nd Class,October,Clearblue Digital Ovulation 
27-04039-14737,Kent,264183243932,No,1,4.99,23/10/19,Royal Mail 2nd Class,October,Compeed 55708812
19-04038-64925,Conwy,264473451856,No,1,5.00,23/10/19,Royal Mail 2nd Class,October,Scholl Verruca Removal System Washproof Plaster
21-04035-21344,Northamptonshire,264204441497,No,1,12.00,22/10/19,Royal Mail 2nd Class,October,Compeed 55708812
21-04029-66275,Western Isles,264204441497,No,1,12.00,21/10/19,Royal Mail 2nd Class,October,Clearblue Digital Ovulation
05-04019-36138,Kent,264393695399,No,1,13.00,18/10/19,Royal Mail 2nd Class,October,Clearblue Digital Ovulation
10-04017-06136,West Midlands,264393705626,No,1,17.00,18/10/19,Royal Mail 2nd Class,October,Neo G 722
23-04014-20791,Antrim,264109028195,No,1,11.00,17/10/19,Royal Mail 2nd Class,October,Neo G 885
16-04012-12965,London,264380878109,No,1,4.99,17/10/19,Royal Mail Tracked 24,October,Scholl Fungal Nail Complete Treatment Kit
04-04009-24733,Greater Manchester,264204441497,No,1,12.00,16/10/19,Royal Mail 2nd Class,October,SCHOLL CORN REMOVAL PLASTERS
14-04005-42713,Kent,264468821396,No,1,16.00,15/10/19,Royal Mail 2nd Class,October,Clearblue Digital Ovulation
11-04005-25055,Lancashire,264393807152,No,1,16.00,15/10/19,Royal Mail 2nd Class,October,JML Flawless Facial Hair FTFLESS
07-04004-47965,Cumbria,264423388528,No,1,25.00,15/10/19,Royal Mail 2nd Class,October,JML Finishing Touch FTFLPB
03-04004-68212,Lincolnshire,264393807152,No,1,16.00,15/10/19,Royal Mail 2nd Class,October,JML Flawless Rechargeable FTFLDLXL
24-04007-42567,Greater Manchester,264204441497,No,1,12.00,14/10/19,Royal Mail 2nd Class,October,JML Finishing Touch FTFLPB
16-04000-04638,Cornwall,264393695399,No,1,13.00,14/10/19,Royal Mail 2nd Class,October,Clearblue Digital Ovulation
23-03997-98799,Tyrone,264204441497,No,1,12.00,14/10/19,Royal Mail 2nd Class,October,Neo G 722
11-03998-26146,Swansea,264393054519,No,1,25.00,14/10/19,Royal Mail 2nd Class,October,Clearblue Digital Ovulation
13-03996-49103,Derbyshire,264468821396,No,1,16.00,13/10/19,Royal Mail 2nd Class,October,Clearblue Fertility Monitor Advance
26-03991-93033,West Yorkshire,264204441497,No,1,12.00,12/10/19,Royal Mail 2nd Class,October,JML Flawless Facial Hair FTFLESS
03-03991-36135,Hampshire,263684256481,No,3,8.97,12/10/19,Royal Mail 2nd Class,October,Clearblue Digital Ovulation
21-03988-93772,Worcestershire,264423396047,No,1,15.00,12/10/19,Royal Mail 2nd Class,October,"Harris Smoothglide 1.5"""
06-03988-42614,London,264465202813,No,1,15.00,11/10/19,Royal Mail 2nd Class,October,JML Flawless Facial Hair FTFLESS
07-03987-20154,Cardiff,264404576069,No,1,10.00,11/10/19,Royal Mail 2nd Class,October,Tweezerman 1230-CR
16-03983-01638,West Yorkshire,264404476867,No,1,13.00,10/10/19,Royal Mail 2nd Class,October,JML Mineral Magic V13171
20-03979-67224,Devon,264431906892,No,1,20.00,09/10/19,Royal Mail 2nd Class,October,Neo G 887
14-03979-87260,Dorset,264423396047,No,1,15.00,09/10/19,Royal Mail 2nd Class,October,Clearblue Ovulation Test Advance
19-03978-71548,Kent,264423396047,No,1,15.00,09/10/19,Royal Mail 2nd Class,October,JML Flawless Facial Hair FTFLESS
11-03978-87037,Kent,264465211802,No,1,12.00,09/10/19,Royal Mail 2nd Class,October,JML Flawless Facial Hair FTFLESS
07-03978-82916,Kent,264393705626,No,1,17.00,09/10/19,Royal Mail 2nd Class,October,Tweezerman 1252-RSGRB
18-03975-06080,Norfolk,264204441497,No,1,12.00,08/10/19,Royal Mail 2nd Class,October,Neo G 885
15-03974-99929,Norfolk,264465202813,No,1,15.00,08/10/19,Royal Mail 2nd Class,October,Clearblue Digital Ovulation
11-03964-76683,Greater Manchester,263718390114,Yes,1,6.95,06/10/19,Royal Mail 2nd Class,October,Tweezerman 1230-CR
11-03960-44630,Devon,264204441497,No,1,14.00,05/10/19,Royal Mail 2nd Class,October,Unibond No More Nails
17-03959-49264,South Yorkshire,264468821396,No,1,16.00,05/10/19,Royal Mail 2nd Class,October,Clearblue Digital Ovulation
07-03959-44503,West Midlands,264183243932,No,1,4.99,05/10/19,Royal Mail 2nd Class,October,JML Flawless Facial Hair FTFLESS
25-03955-52410,North Yorkshire,264423396047,No,1,15.00,04/10/19,Royal Mail 2nd Class,October,Scholl Verruca Removal System Washproof
15-03956-38397,South Yorkshire,264393632022,No,1,25.00,04/10/19,Royal Mail 2nd Class,October,JML Flawless Facial Hair FTFLESS
21-03954-99983,Essex,264390742827,No,1,12.00,04/10/19,Royal Mail Tracked 24,October,Neo G 453
21-03952-65782,Essex,264109028195,No,1,12.00,03/10/19,Royal Mail 2nd Class,October,Ronseal Perfect L01657
14-03951-97695,West Midlands,264423396047,No,1,15.00,03/10/19,Royal Mail 2nd Class,October,Scholl Fungal Nail Complete Treatment Kit
03-03952-06136,Devon,264423396047,No,1,15.00,03/10/19,Royal Mail 2nd Class,October,JML Flawless Facial Hair FTFLESS
20-03948-17267,Surrey,264473451856,No,1,6.00,02/10/19,Royal Mail 2nd Class,October,JML Flawless Facial Hair FTFLESS
07-03945-08172,Dundee (City of),264393705626,No,1,17.00,01/10/19,Royal Mail 2nd Class,October,Compeed 55708812
20-03941-66676,Tyne and Wear,264423388528,No,1,25.00,01/10/19,Royal Mail 2nd Class,October,Neo G 885
19-03937-58591,East Sussex,264465296835,No,1,4.99,30/09/19,Royal Mail 2nd Class,September,JML Flawless Rechargeable FTFLDLXL
03-03938-45408,Antrim,263718086584,No,1,5.99,30/09/19,Royal Mail 2nd Class,September,Scholl Blister Shield 6 Toe Plasters
12-03934-55770,Suffolk,264465266335,No,1,13.00,29/09/19,Royal Mail 2nd Class,September,Unibond No More Nails
04-03934-27418,Surrey,263720512438,No,1,2.99,29/09/19,Royal Mail 2nd Class,September,Tweezerman 1047-NPR
23-03932-66942,Shropshire,264473451856,No,1,6.00,29/09/19,Royal Mail 2nd Class,September,StarPack 72114
18-03930-87244,South Lanarkshire,264465211802,No,1,12.00,29/09/19,Royal Mail 2nd Class,September,Compeed 55708812
19-03928-28752,East Sussex,264454590600,No,1,20.00,28/09/19,Royal Mail 2nd Class,September,Tweezerman 1252-RSGRB
17-03927-04700,West Yorkshire,264465287616,No,1,17.00,27/09/19,Royal Mail 2nd Class,September,Gillette Fusion5 Razor
12-03925-83908,South Yorkshire,264473451856,No,1,6.00,27/09/19,Royal Mail 2nd Class,September,JML Nicer Dicer A000708
15-03922-26504,Londonderry,264183243932,No,1,4.99,26/09/19,Royal Mail 2nd Class,September,Compeed 55708812
04-03916-21887,London,264431809825,No,4,17.96,25/09/19,Royal Mail 2nd Class,September,Scholl Verruca Removal System Washproof
26-03912-60096,Gloucestershire,264465290677,No,1,17.00,24/09/19,Royal Mail 2nd Class,September,Scholl Party Feet Heel Cushions
24-03917-19231,Derbyshire,264473469373,No,1,8.00,24/09/19,Royal Mail 2nd Class,September,JML Nicer Dicer A000704
23-03909-72338,Somerset,264468821396,No,1,16.00,24/09/19,Royal Mail 2nd Class,September,Compeed 55709992
23-03908-77334,Bristol,264468821396,No,1,16.00,23/09/19,Royal Mail 2nd Class,September,JML Flawless Facial Hair FTFLESS
08-03909-17484,London,264236738048,No,1,124.99,23/09/19,Royal Mail International Tracked,September,JML Flawless Facial Hair FTFLESS
22-03908-17141,North Yorkshire,264423396047,No,1,15.00,23/09/19,Royal Mail 2nd Class,September,Sennheiser ClipMic Digital Clip-on
05-03908-76426,Norfolk,264423396047,No,1,15.00,23/09/19,Royal Mail 2nd Class,September,JML Flawless Facial Hair FTFLESS
02-03908-30211,Hertfordshire,264465290677,No,1,17.00,23/09/19,Royal Mail 2nd Class,September,JML Flawless Facial Hair FTFLESS
27-03905-69211,Staffordshire,264423396047,No,1,15.00,23/09/19,Royal Mail 2nd Class,September,JML Nicer Dicer A000704
22-03903-74248,Lancashire,264423396047,No,1,15.00,22/09/19,Royal Mail 2nd Class,September,JML Flawless Facial Hair FTFLESS
11-03903-03136,Essex,264423396047,No,1,15.00,22/09/19,Royal Mail 2nd Class,September,JML Flawless Facial Hair FTFLESS
14-03902-26207,Merthyr Tydfil,264423396047,No,1,15.00,22/09/19,Royal Mail 2nd Class,September,JML Flawless Facial Hair FTFLESS
17-03901-66462,London,264454605149,No,1,20.00,22/09/19,Royal Mail 2nd Class,September,JML Flawless Facial Hair FTFLESS
14-03900-86260,Antrim,264423396047,No,1,15.00,21/09/19,Royal Mail 2nd Class,September,Gillette Fusion5 ProGlide
01-03901-51041,East Sussex,263749837452,No,1,25.00,21/09/19,Royal Mail 2nd Class,September,JML Flawless Facial Hair FTFLESS
19-03899-19233,South Yorkshire,264454605149,No,1,20.00,21/09/19,Royal Mail 2nd Class,September,KIDDE 10LLCO
17-03898-99527,West Sussex,264470181391,No,1,22.00,21/09/19,Royal Mail 2nd Class,September,Gillette Fusion5 ProGlide
11-03898-78516,Buckinghamshire,264393632022,No,2,50.00,21/09/19,Royal Mail 2nd Class,September,Neo G 456
19-03897-79974,Antrim,264376292335,No,1,19.99,21/09/19,Royal Mail Tracked 24,September,Neo G 453
02-03898-85401,London,264423396047,No,1,15.00,21/09/19,Royal Mail 2nd Class,September,Clearblue Ovulation Test Digital
13-03895-78234,Cornwall,264465290677,No,1,17.00,20/09/19,Royal Mail 2nd Class,September,JML Flawless Facial Hair FTFLESS
13-03895-68074,Nottinghamshire,264204441497,No,1,14.99,20/09/19,Royal Mail 2nd Class,September,JML Nicer Dicer A000704
04-03892-35919,London,264468821396,No,1,16.00,19/09/19,Royal Mail 2nd Class,September,Clearblue Digital Ovulation
14-03890-65401,Worcestershire,264393705626,No,1,17.00,19/09/19,Royal Mail 2nd Class,September,JML Flawless Facial Hair FTFLESS
12-03890-58465,London,264468821396,No,1,16.00,19/09/19,Royal Mail 2nd Class,September,JML Finishing Touch FTFLPB
16-03887-81874,East Sussex,264468821396,No,1,16.00,18/09/19,Royal Mail 2nd Class,September,JML Flawless Facial Hair FTFLESS
03-03887-09066,Greater Manchester,264454590600,No,1,20.00,18/09/19,Royal Mail 2nd Class,September,Neo G 885
07-03885-06097,Northamptonshire,264468821396,No,1,16.00,17/09/19,Royal Mail 2nd Class,September,JML Flawless Facial Hair FTFLESS
03-03884-29862,West Yorkshire,264468821396,No,1,16.00,17/09/19,Royal Mail 2nd Class,September,JML Flawless Facial Hair FTFLESS
02-03882-57488,London,263668055533,No,1,32.99,17/09/19,Royal Mail International Tracked,September,Gillette Fusion5 Razor
15-03875-78460,Northumberland,264454628992,No,1,15.00,16/09/19,Royal Mail 2nd Class,September,JML Flawless Facial Hair FTFLESS
01-03874-58292,West Midlands ,264454628992,No,1,15.00,15/09/19,Royal Mail 2nd Class,September,JML Flawless Facial Hair FTFLESS
20-03870-71835,Cornwall,264454600512,No,1,32.00,14/09/19,Royal Mail 2nd Class,September,JML Flawless Facial Hair FTFLESS
